alpha,beta,gamma,delta,theta_hyst,seed,strategy,events_injected,events_detected,roi_announced,roi_completed,roi_failed,roi_open_end,completion_rate,detection_rate,mean_completion_time,median_completion_time,coverage_fraction,coverage_cells_per_s,load_imbalance,messages_per_completed,bytes_per_completed,messages_total,bytes_total,mean_cell_idleness,max_cell_idleness,mean_detection_latency,preemptions,mean_final_battery,min_final_battery,battery_imbalance,depleted_robots,first_depletion_time,distance_travelled,max_observed_workload,n_req_violations,conservation_error,quality_score
1.0,0.0,0.0,0.5,0.1,0,market,28,28,28,27,0,1,0.9642857142857143,1.0,41.55555555555556,35.7,0.996875,5.316666666666666,2.5555062599997598,36.96296296296296,5625.407407407408,998,151886,42.55590682196339,292.5,11.301227914407605,20,0.5217357714285106,0.17823839999997793,0.23648991200460123,0,300.0,62.743999999998906,3,0,0,0.8278575091489365
1.0,0.0,0.0,0.5,0.1,1,market,28,28,28,28,0,0,1.0,1.0,37.010714285714286,36.9,0.9825,5.24,1.9059520091609048,35.5,5347.035714285715,994,149717,38.00898502495842,299.5,9.868317426176663,19,0.5192863999999395,0.15003839999997887,0.24241844174165847,0,300.0,64.56799999999902,3,0,0,0.8686304209631946
1.0,0.0,0.0,0.5,0.1,2,market,28,25,25,20,0,5,0.7142857142857143,0.8928571428571429,50.265,32.45,0.933125,4.976666666666667,1.0301575072754254,50.75,8328.1,1015,166562,63.40672212978366,300.0,2.749667500599815,10,0.5492159999999524,0.17094399999997817,0.24469252516060236,0,300.0,42.279999999999696,3,0,0,0.7992338227986828
1.0,0.0,0.0,0.5,0.1,3,market,28,28,28,25,0,3,0.8928571428571429,1.0,47.51599999999999,36.0,0.983125,5.243333333333333,1.4846149779161806,38.0,5579.84,950,139496,21.09773710482528,165.0,15.516459905459145,17,0.5127439999999419,0.15635519999997866,0.2571304505415826,0,300.0,69.43999999999829,3,0,0,0.8539389994548384
1.0,0.0,0.0,0.5,0.1,4,market,28,23,23,15,0,8,0.5357142857142857,0.8214285714285714,55.84666666666667,35.099999999999994,0.989375,5.276666666666666,1.9897697538834456,61.53333333333333,9704.066666666668,923,145561,41.290083194675525,227.5,23.50067864687775,18,0.5298895999999379,0.17771199999997794,0.22956864002811012,0,300.0,56.671999999999095,3,0,0,0.6984347901703943
1.0,0.0,0.0,0.5,0.1,5,market,28,27,27,26,0,1,0.9285714285714286,0.9642857142857143,41.83461538461539,37.7,0.95375,5.086666666666667,1.4846149779161806,35.57692307692308,5405.7307692307695,925,140549,33.90941763727122,300.0,7.045735891483758,13,0.51432319999994,0.13808159999997927,0.2468216937527311,0,300.0,68.26399999999865,3,0,0,0.8601459155974323
1.0,0.0,0.0,0.5,0.1,6,market,28,27,27,24,0,3,0.8571428571428571,0.9642857142857143,40.112500000000004,37.150000000000006,0.99,5.28,2.5555062599997598,39.458333333333336,5776.125,947,138627,22.645623960066583,201.5,20.37907092762807,23,0.5064701714285109,0.13168959999997948,0.2516364192960437,0,300.0,74.11199999999798,3,0,0,0.7947084573465906
1.0,0.0,0.0,0.5,0.1,7,market,28,27,27,24,0,3,0.8571428571428571,0.9642857142857143,43.229166666666664,34.4,1.0,5.333333333333333,3.1036515689143473,37.041666666666664,5416.166666666667,889,129988,23.16319467554078,149.5,4.204176676647678,11,0.5077270857142172,0.11379199999999144,0.22972819734277886,0,300.0,73.17599999999759,3,0,0,0.7743765954957975
1.0,0.0,0.0,1.5,0.1,0,market,28,26,26,23,0,3,0.8214285714285714,0.9285714285714286,51.199999999999996,35.7,0.95125,5.073333333333333,1.385051387833237,43.65217391304348,6747.869565217391,1004,155201,42.40339434276206,300.0,5.463965092882911,20,0.5202102857142223,0.1786895999999779,0.22606540787696675,0,300.0,63.879999999998546,3,0,0,0.8238502196988299
1.0,0.0,0.0,1.5,0.1,1,market,28,26,26,23,0,3,0.8214285714285714,0.9285714285714286,53.8608695652174,50.400000000000006,0.97125,5.18,1.7261494247992246,40.130434782608695,6208.565217391304,923,142797,34.34299500831946,288.5,24.22311808215862,16,0.5254957714285108,0.1667327999999783,0.23008569235948925,0,300.0,59.94399999999899,3,0,0,0.8073813542892831
1.0,0.0,0.0,1.5,0.1,2,market,28,28,28,20,1,7,0.7142857142857143,1.0,56.59499999999999,32.45,0.9625,5.133333333333334,1.2936264483053452,53.5,8612.95,1070,172259,62.57870216306154,300.0,17.44213072858062,13,0.5476475428570949,0.17094399999997817,0.24448196714530085,0,300.0,43.447999999999695,3,0,0,0.7947294735162833
1.0,0.0,0.0,1.5,0.1,3,market,28,28,28,28,0,0,1.0,1.0,42.61071428571428,38.45,1.0,5.333333333333333,3.0438965360946453,35.0,4998.285714285715,980,139952,20.560532445923457,196.0,7.373602762602002,21,0.5017110857142175,0.16650719999997832,0.23160463377533233,0,300.0,77.65599999999759,3,0,0,0.8232259582038489
1.0,0.0,0.0,1.5,0.1,4,market,28,22,22,17,2,3,0.6071428571428571,0.7857142857142857,60.61764705882353,45.5,0.989375,5.276666666666666,1.0301575072754254,54.05882352941177,8525.176470588236,919,144928,34.93344425956739,202.0,14.69904439943875,17,0.5199524571427928,0.14078879999997918,0.2361985884750234,0,300.0,64.07199999999857,3,0,0,0.7590798066014027
1.0,0.0,0.0,1.5,0.1,5,market,28,27,27,26,0,1,0.9285714285714286,0.9642857142857143,41.83461538461539,37.7,0.95375,5.086666666666667,1.4846149779161806,35.57692307692308,5405.7307692307695,925,140549,33.90941763727122,300.0,7.045735891483758,13,0.51432319999994,0.13808159999997927,0.2468216937527311,0,300.0,68.26399999999865,3,0,0,0.8601459155974323
1.0,0.0,0.0,1.5,0.1,6,market,28,26,26,21,0,5,0.75,0.9285714285714286,29.642857142857142,27.80000000000001,0.99125,5.286666666666667,3.331972511340172,45.57142857142857,6643.809523809524,957,139520,27.31158069883528,201.5,21.470468520542493,24,0.510842514285654,0.13176479999997948,0.2501567030856165,0,300.0,70.85599999999806,3,0,0,0.7279891301014118
1.0,0.0,0.0,1.5,0.1,7,market,28,28,28,24,0,4,0.8571428571428571,1.0,43.125,35.249999999999986,1.0,5.333333333333333,3.010186786529354,37.916666666666664,5499.083333333333,910,131978,18.7811980033278,166.0,9.35615499555192,13,0.505181028571358,0.10597119999999186,0.23223247674490083,0,300.0,75.07199999999726,3,0,0,0.7818274811346032
1.0,0.0,0.5,0.5,0.1,0,market,28,28,28,25,0,3,0.8928571428571429,1.0,56.36,57.69999999999999,0.990625,5.283333333333333,3.1815796359028696,36.2,5686.56,905,142164,35.94086522462565,238.5,11.551227914407605,13,0.5140438857142293,0.13605119999997933,0.26003789212465306,0,300.0,68.47199999999854,3,0,0,0.7756709902689932
1.0,0.0,0.5,0.5,0.1,1,market,28,25,25,21,0,4,0.75,0.8928571428571429,61.23809523809524,60.19999999999999,0.955,5.093333333333334,2.762725657973388,44.285714285714285,7202.476190476191,930,151252,44.988186356073214,300.0,21.824586623035234,13,0.5363030857142375,0.13582559999997934,0.25654634266026827,0,300.0,51.89599999999963,3,0,0,0.7329463887195405
1.0,0.0,0.5,0.5,0.1,2,market,28,28,28,22,4,2,0.7857142857142857,1.0,66.41818181818182,61.24999999999999,0.948125,5.056666666666667,2.312344865176949,42.63636363636363,6687.454545454545,938,147124,39.340266222961745,300.0,7.781416442866335,11,0.5261295999999556,0.12695199999997964,0.27913568786939214,0,300.0,59.47199999999853,3,0,0,0.7758807260568951
1.0,0.0,0.5,0.5,0.1,3,market,28,28,28,23,1,4,0.8214285714285714,1.0,72.53478260869565,74.5,0.96625,5.153333333333333,2.166535841157586,39.52173913043478,6195.391304347826,909,142494,39.75963394342759,300.0,17.35574561974486,12,0.5283103999999536,0.15357279999997875,0.2655752092116462,0,300.0,57.847999999999026,3,0,0,0.7894745514798719
1.0,0.0,0.5,0.5,0.1,4,market,28,25,25,18,1,6,0.6428571428571429,0.8928571428571429,60.37777777777777,50.349999999999994,0.945625,5.043333333333333,3.116774889895918,51.27777777777778,8107.0,923,145926,43.51547420965059,300.0,12.142660128631315,12,0.5217465142856625,0.1728239999999781,0.25677250532684653,0,300.0,62.73599999999878,3,0,0,0.6873720264021351
1.0,0.0,0.5,0.5,0.1,5,market,28,26,26,22,0,4,0.7857142857142857,0.9285714285714286,73.38181818181819,72.60000000000001,0.9675,5.16,1.9166296949998198,41.18181818181818,6768.181818181818,906,148900,62.11690515806985,300.0,5.22590902986458,6,0.539934171428525,0.13770559999997928,0.2561301675293978,0,300.0,49.191999999999766,3,0,0,0.7795573716236123
1.0,0.0,0.5,0.5,0.1,6,market,28,27,27,20,0,7,0.7142857142857143,0.9642857142857143,85.85,73.8,0.998125,5.323333333333333,1.5779087167410373,49.15,7666.5,983,153330,43.58183028286191,245.5,24.511854840741293,13,0.5253023999999513,0.1224399999999815,0.27075416414964815,0,300.0,60.087999999998715,3,0,0,0.773303075553779
1.0,0.0,0.5,0.5,0.1,7,market,28,27,27,26,0,1,0.9285714285714286,0.9642857142857143,46.57692307692308,42.95,1.0,5.333333333333333,3.7688302737922625,33.53846153846154,4907.5,872,127595,25.28412645590682,180.5,7.463435935906937,13,0.4926548571428029,0.08732159999999466,0.27978053847105494,0,300.0,84.39999999999674,3,0,0,0.775623199724879
1.0,0.0,0.5,1.5,0.1,0,market,28,28,28,24,0,4,0.8571428571428571,1.0,56.30416666666667,59.05,0.990625,5.283333333333333,2.962348764761103,37.875,5941.458333333333,909,142595,37.421331114808716,292.5,11.551227914407605,14,0.5145058285713725,0.13620159999997933,0.26068047786146065,0,300.0,68.12799999999855,3,0,0,0.7739992306678455
1.0,0.0,0.5,1.5,0.1,1,market,28,26,26,22,0,4,0.7857142857142857,0.9285714285714286,72.31363636363636,77.55,0.95875,5.113333333333333,2.166535841157586,43.0,6978.909090909091,946,153536,54.06579034941765,300.0,28.288485384153923,14,0.5370980571428098,0.1703423999999782,0.2525755621711729,0,300.0,51.3039999999997,3,0,0,0.7653895592415989
1.0,0.0,0.5,1.5,0.1,2,market,28,28,28,24,3,1,0.8571428571428571,1.0,60.824999999999996,54.64999999999999,0.953125,5.083333333333333,2.5872528966106905,40.375,6224.833333333333,969,149396,38.7717803660566,300.0,7.781416442866335,18,0.5222621714285234,0.14048799999997919,0.27183972711190774,0,300.0,62.3519999999986,3,0,0,0.7876001434490649
1.0,0.0,0.5,1.5,0.1,3,market,28,26,26,20,1,5,0.7142857142857143,0.9285714285714286,98.785,97.8,0.960625,5.123333333333333,2.2587697572631282,47.3,7679.15,946,153583,51.78389351081531,300.0,18.89644462687036,14,0.5346271999999531,0.1668831999999783,0.257818147568642,0,300.0,53.14399999999949,3,0,0,0.7339545069586145
1.0,0.0,0.5,1.5,0.1,4,market,28,24,24,17,1,6,0.6071428571428571,0.8571428571428571,64.91176470588235,69.19999999999999,0.90875,4.846666666666667,2.1189138534559038,56.11764705882353,8942.176470588236,954,152017,53.03124792013309,300.0,11.774960546500056,12,0.5308886857142349,0.1789903999999779,0.25157976694150214,0,300.0,55.927999999999486,3,0,0,0.7105020716151363
1.0,0.0,0.5,1.5,0.1,5,market,28,26,26,22,0,4,0.7857142857142857,0.9285714285714286,73.38181818181819,72.60000000000001,0.9675,5.16,1.9166296949998198,41.18181818181818,6768.181818181818,906,148900,62.11690515806985,300.0,5.22590902986458,6,0.539934171428525,0.13770559999997928,0.2561301675293978,0,300.0,49.191999999999766,3,0,0,0.7795573716236123
1.0,0.0,0.5,1.5,0.1,6,market,28,25,25,19,0,6,0.6785714285714286,0.8928571428571429,84.65789473684211,73.19999999999999,0.998125,5.323333333333333,1.3997084244475304,51.68421052631579,8108.631578947368,982,154064,44.30156405990015,245.5,21.73125283285608,12,0.5252271999999519,0.12589919999997967,0.27105709503659475,0,300.0,60.14399999999871,3,0,0,0.7639335746296592
1.0,0.0,0.5,1.5,0.1,7,market,28,27,27,21,0,6,0.75,0.9642857142857143,53.89523809523809,43.400000000000006,0.99125,5.286666666666667,3.5799897388976194,43.04761904761905,6589.333333333333,904,138376,33.91497504159736,206.0,4.630102602573603,13,0.5136034285713785,0.09687199999999341,0.2748879754243637,0,300.0,68.79999999999825,3,0,0,0.7185818128737012
1.0,0.0,1.0,0.5,0.1,0,market,28,27,27,26,0,1,0.9285714285714286,0.9642857142857143,63.573076923076925,62.05,0.978125,5.216666666666667,2.7774602993176543,33.57692307692308,5246.153846153846,873,136400,33.75391014975041,300.0,5.812466728165291,9,0.5044612571428047,0.07318399999999227,0.2805810058524403,0,300.0,75.60799999999757,3,0,0,0.7985469894450432
1.0,0.0,1.0,0.5,0.1,1,market,28,22,22,16,1,5,0.5714285714285714,0.7857142857142857,82.675,75.70000000000002,0.955625,5.096666666666667,1.511857892036909,57.5,9503.1875,920,152051,46.753377703826985,257.5,11.196365128179737,11,0.5356262857142401,0.11943199999998956,0.2607647262896333,0,300.0,52.399999999999515,3,0,0,0.7171302687093914
1.0,0.0,1.0,0.5,0.1,2,market,28,28,28,20,1,7,0.7142857142857143,1.0,58.120000000000005,51.900000000000006,0.965,5.1466666666666665,2.747912008810192,52.3,8144.4,1046,162888,46.50811980033278,300.0,15.013559300009192,22,0.5220795428570988,0.10890399999999473,0.2748675531070793,0,300.0,62.4879999999985,4,0,0,0.7355933714580416
1.0,0.0,1.0,0.5,0.1,3,market,28,26,26,21,1,4,0.75,0.9285714285714286,62.11904761904762,66.1,1.0,5.333333333333333,1.385051387833237,41.76190476190476,6508.428571428572,877,136677,26.59271214642264,183.0,19.307927583958143,15,0.5112614857142365,0.08957759999999408,0.27837752039651176,0,300.0,70.54399999999785,3,0,0,0.8017579497350162
1.0,0.0,1.0,0.5,0.1,4,market,28,28,28,17,4,7,0.6071428571428571,1.0,68.17647058823529,69.80000000000001,0.989375,5.276666666666666,1.8294640678379568,52.470588235294116,8308.470588235294,892,141244,36.23740432612316,251.0,15.699769374891371,15,0.5202210285713745,0.1336447999999794,0.2597576520142755,0,300.0,63.871999999998955,3,0,0,0.743164978126899
1.0,0.0,1.0,0.5,0.1,5,market,28,26,26,23,0,3,0.8214285714285714,0.9285714285714286,65.76086956521739,60.89999999999998,0.951875,5.076666666666667,1.8294640678379568,40.04347826086956,6403.347826086957,921,147277,40.8268552412646,300.0,13.24513979909535,9,0.5265485714285231,0.10597119999999118,0.26362403710422544,0,300.0,59.15999999999926,3,0,0,0.7989033060772674
1.0,0.0,1.0,0.5,0.1,6,market,28,26,26,20,0,6,0.7142857142857143,0.9285714285714286,86.64,73.8,0.998125,5.323333333333333,1.2777531299998799,47.7,7571.9,954,151438,44.80841930116473,245.5,21.795557636995177,10,0.5278806857142371,0.12259039999998018,0.26922767539764386,0,300.0,58.16799999999891,3,0,0,0.7827677510710599
1.0,0.0,1.0,0.5,0.1,7,market,28,27,27,21,0,6,0.75,0.9642857142857143,60.857142857142854,66.4,0.9925,5.293333333333333,2.9137254363387344,41.333333333333336,6331.047619047619,868,132952,32.70692179700498,180.0,7.889361861832863,11,0.511078857142807,0.07378559999999165,0.2794467885844024,0,300.0,70.67999999999789,3,0,0,0.7408851558147084
1.0,0.0,1.0,1.5,0.1,0,market,28,27,27,26,0,1,0.9285714285714286,0.9642857142857143,63.573076923076925,62.05,0.978125,5.216666666666667,2.7774602993176543,33.57692307692308,5246.153846153846,873,136400,33.75391014975041,300.0,5.812466728165291,9,0.5044612571428047,0.07318399999999227,0.2805810058524403,0,300.0,75.60799999999757,3,0,0,0.7985469894450432
1.0,0.0,1.0,1.5,0.1,1,market,28,25,25,14,2,9,0.5,0.8928571428571429,76.2,82.55,0.98,5.226666666666667,1.385051387833237,64.92857142857143,10291.857142857143,909,144086,42.24871880199671,248.5,21.062732820128623,15,0.5344123428570985,0.12913279999997956,0.2655199429660705,0,300.0,53.30399999999926,3,0,0,0.7140660235638204
1.0,0.0,1.0,1.5,0.1,2,market,28,25,25,18,0,7,0.6428571428571429,0.8928571428571429,60.32777777777778,56.55,0.91125,4.86,2.969229955832361,52.388888888888886,8139.611111111111,943,146513,40.32655574043261,300.0,0.6525171637599635,12,0.517470857142812,0.05483519999999543,0.2829546754741209,0,300.0,65.91999999999824,3,0,0,0.695310926145597
1.0,0.0,1.0,1.5,0.1,3,market,28,25,25,20,1,4,0.7142857142857143,0.8928571428571429,75.785,71.05000000000001,1.0,5.333333333333333,2.969229955832361,43.2,6504.25,864,130085,24.74589018302827,266.5,16.666126337750292,16,0.5043860571428062,0.06002399999999538,0.27964152587746594,0,300.0,75.66399999999767,3,0,0,0.7157886855081376
1.0,0.0,1.0,1.5,0.1,4,market,28,28,28,18,4,6,0.6428571428571429,1.0,73.17777777777778,72.60000000000001,0.998125,5.323333333333333,2.718042512920064,50.94444444444444,8100.666666666667,917,145812,38.5666888519135,270.5,19.55691223203423,10,0.5171270857142322,0.11514559999998208,0.26130750334802905,0,300.0,66.1759999999989,3,0,0,0.712891888400941
1.0,0.0,1.0,1.5,0.1,5,market,28,27,27,18,0,9,0.6428571428571429,0.9642857142857143,74.9,48.400000000000006,0.9675,5.16,2.813959371941744,55.05555555555556,8558.666666666666,991,154056,39.76246256239604,300.0,12.24943959518746,16,0.5220795428571026,0.06844639999999545,0.28957209367539916,0,300.0,62.48799999999807,3,0,0,0.7047382400422167
1.0,0.0,1.0,1.5,0.1,6,market,28,25,25,19,0,6,0.6785714285714286,0.8928571428571429,85.09473684210526,73.19999999999999,1.0,5.333333333333333,1.6781914463529615,50.421052631578945,7935.578947368421,958,150776,43.36589018302826,245.5,20.81125283285608,10,0.5232719999999519,0.11725119999998182,0.2733807456777229,0,300.0,61.59999999999854,3,0,0,0.7523131436419808
1.0,0.0,1.0,1.5,0.1,7,market,28,27,27,21,0,6,0.75,0.9642857142857143,60.857142857142854,66.4,0.9925,5.293333333333333,2.9137254363387344,41.333333333333336,6331.047619047619,868,132952,32.70692179700498,180.0,7.889361861832863,11,0.511078857142807,0.07378559999999165,0.2794467885844024,0,300.0,70.67999999999789,3,0,0,0.7408851558147084
1.0,0.5,0.0,0.5,0.1,0,market,28,28,28,27,0,1,0.9642857142857143,1.0,29.31111111111111,26.599999999999994,1.0,5.333333333333333,0.7284313590846836,40.666666666666664,6052.111111111111,1098,163407,37.0427953410982,292.5,11.069085057264747,32,0.50917737142851,0.1398863999999792,0.25109386329380345,0,300.0,72.09599999999827,2,0,0,0.9112948603978664
1.0,0.5,0.0,0.5,0.1,1,market,28,27,27,25,0,2,0.8928571428571429,0.9642857142857143,33.976,30.80000000000001,1.0,5.333333333333333,2.249716535431946,40.72,6280.44,1018,157011,36.00296173044926,241.5,23.847291414615924,21,0.5254850285713757,0.11319039999998264,0.25640570258757395,0,300.0,59.951999999999195,2,0,0,0.8176530516423361
1.0,0.5,0.0,0.5,0.1,2,market,28,23,23,20,0,3,0.7142857142857143,0.8214285714285714,53.11500000000001,40.400000000000006,0.960625,5.123333333333333,1.2936264483053452,51.1,8256.2,1022,165124,65.17211314475871,292.5,4.065342906116056,15,0.5435545142856659,0.175681599999978,0.24526711283124364,0,300.0,46.49599999999989,3,0,0,0.7801636034606915
1.0,0.5,0.0,0.5,0.1,3,market,28,28,28,28,0,0,1.0,1.0,30.77857142857143,26.15,1.0,5.333333333333333,0.989743318610787,34.392857142857146,5018.535714285715,963,140519,27.092146422628964,254.5,11.445031334030574,22,0.5001641142856524,0.12627519999997966,0.252764191041744,0,300.0,78.80799999999752,3,0,0,0.9124360314165122
1.0,0.5,0.0,0.5,0.1,4,market,28,25,25,20,0,5,0.7142857142857143,0.8928571428571429,37.005,27.75,0.9975,5.32,1.178030178747903,49.0,7639.85,980,152797,41.22329450915142,241.5,12.693725324550398,20,0.5245396571428022,0.1523695999999788,0.24694154849619943,0,300.0,60.655999999999345,3,0,0,0.8028966559897754
1.0,0.5,0.0,0.5,0.1,5,market,28,28,28,26,0,2,0.9285714285714286,1.0,33.86538461538461,29.650000000000006,0.996875,5.316666666666666,1.498298354528788,36.42307692307692,5309.807692307692,947,138055,30.714941763727115,285.5,5.413201061851594,19,0.5072866285713667,0.1371039999999793,0.2474384798427954,0,300.0,73.50399999999797,3,0,0,0.8688245304541136
1.0,0.5,0.0,0.5,0.1,6,market,28,27,27,25,0,2,0.8928571428571429,0.9642857142857143,30.18,26.30000000000001,1.0,5.333333333333333,2.231499907401901,41.08,5920.16,1027,148004,27.04941763727121,197.0,18.619811668368808,30,0.5047190857142236,0.12635039999997966,0.2514082713811718,0,300.0,75.41599999999787,3,0,0,0.8222681574949761
1.0,0.5,0.0,0.5,0.1,7,market,28,28,28,28,0,0,1.0,1.0,34.04285714285714,34.75,1.0,5.333333333333333,1.4846149779161806,33.5,4797.714285714285,938,134336,24.25550748752081,235.5,8.641869281266207,16,0.5035588571427945,0.13853279999997925,0.24421974908736158,0,300.0,76.27999999999774,3,0,0,0.8917193961174785
1.0,0.5,0.0,1.5,0.1,0,market,28,28,28,27,0,1,0.9642857142857143,1.0,29.31111111111111,26.599999999999994,1.0,5.333333333333333,0.7284313590846836,40.666666666666664,6052.111111111111,1098,163407,37.0427953410982,292.5,11.069085057264747,32,0.50917737142851,0.1398863999999792,0.25109386329380345,0,300.0,72.09599999999827,2,0,0,0.9112948603978664
1.0,0.5,0.0,1.5,0.1,1,market,28,28,28,28,0,0,1.0,1.0,31.50714285714286,26.35000000000001,1.0,5.333333333333333,1.0301575072754254,37.714285714285715,5621.892857142857,1056,157413,39.52655574043261,252.0,18.689745997605236,24,0.5123465142856493,0.14056319999997918,0.24136807264631335,0,300.0,69.7359999999984,3,0,0,0.9060639817103505
1.0,0.5,0.0,1.5,0.1,2,market,28,23,23,20,0,3,0.7142857142857143,0.8214285714285714,53.11500000000001,40.400000000000006,0.960625,5.123333333333333,1.2936264483053452,51.1,8256.2,1022,165124,65.17211314475871,292.5,4.065342906116056,15,0.5435545142856659,0.175681599999978,0.24526711283124364,0,300.0,46.49599999999989,3,0,0,0.7801636034606915
1.0,0.5,0.0,1.5,0.1,3,market,28,28,28,28,0,0,1.0,1.0,30.77857142857143,26.15,1.0,5.333333333333333,0.989743318610787,34.392857142857146,5018.535714285715,963,140519,27.092146422628964,254.5,11.445031334030574,22,0.5001641142856524,0.12627519999997966,0.252764191041744,0,300.0,78.80799999999752,3,0,0,0.9124360314165122
1.0,0.5,0.0,1.5,0.1,4,market,28,28,28,25,0,3,0.8928571428571429,1.0,40.72,27.799999999999997,1.0,5.333333333333333,1.124858267715973,38.48,5847.56,962,146189,32.882063227953445,223.0,24.18191223203423,23,0.5101334857142255,0.1396607999999792,0.24672335237555723,0,300.0,71.38399999999834,3,0,0,0.8671712759543836
1.0,0.5,0.0,1.5,0.1,5,market,28,27,27,27,0,0,0.9642857142857143,0.9642857142857143,33.233333333333334,28.600000000000023,0.943125,5.03,0.6998542122237652,37.18518518518518,5480.407407407408,1004,147971,37.95111480865228,300.0,5.971661817409683,25,0.5076841142856529,0.11138559999998396,0.25129089155864714,0,300.0,73.20799999999804,3,0,0,0.9056695266586406
1.0,0.5,0.0,1.5,0.1,6,market,28,28,28,23,0,5,0.8214285714285714,1.0,36.54347826086956,29.099999999999994,0.996875,5.316666666666666,1.8405855323893037,46.17391304347826,6676.695652173913,1062,153564,33.424725457570695,210.0,31.74537489943208,33,0.5108854857142233,0.1228911999999804,0.24782783938547823,0,300.0,70.82399999999828,2,0,0,0.8144326849263743
1.0,0.5,0.0,1.5,0.1,7,market,28,27,27,27,0,0,0.9642857142857143,0.9642857142857143,36.1888888888889,29.30000000000001,1.0,5.333333333333333,1.0690449676496976,34.77777777777778,5068.555555555556,939,136851,27.650981697171385,203.0,8.833806306277308,15,0.5053743999999375,0.13529919999997936,0.24455367419884128,0,300.0,74.92799999999795,3,0,0,0.8936690132613365
1.0,0.5,0.5,0.5,0.1,0,market,28,27,27,24,0,3,0.8571428571428571,0.9642857142857143,46.770833333333336,43.650000000000006,0.961875,5.13,2.5475077857324298,41.541666666666664,6249.041666666667,997,149977,34.17906821963395,300.0,15.034688950387514,20,0.5129695999999443,0.09093119999998794,0.26249291236237837,0,300.0,69.27199999999854,3,0,0,0.7899219634105034
1.0,0.5,0.5,0.5,0.1,1,market,28,27,27,26,0,1,0.9285714285714286,0.9642857142857143,43.16538461538461,37.05000000000001,0.964375,5.1433333333333335,2.762725657973388,39.30769230769231,6042.423076923077,1022,157103,50.85410981697176,300.0,23.917521490810607,20,0.5242925714285163,0.1340959999999794,0.2513618136686543,0,300.0,60.839999999999314,3,0,0,0.79750053786839
1.0,0.5,0.5,0.5,0.1,2,market,28,28,28,26,0,2,0.9285714285714286,1.0,35.24615384615385,30.499999999999996,1.0,5.333333333333333,3.1558174334820746,40.15384615384615,6019.346153846154,1044,156503,29.237171381031615,233.5,12.81713072858062,24,0.5147851428570931,0.09845119999998558,0.2737223940683216,0,300.0,67.9199999999984,3,0,0,0.7965254063161515
1.0,0.5,0.5,0.5,0.1,3,market,28,28,28,26,0,2,0.9285714285714286,1.0,33.4,29.849999999999994,0.980625,5.23,1.8070158058105026,40.38461538461539,5874.923076923077,1050,152748,27.437603993344442,240.5,17.03431704831629,28,0.501668114285651,0.146127999999979,0.2521507532489646,0,300.0,77.68799999999764,3,0,0,0.8528178480414763
1.0,0.5,0.5,0.5,0.1,4,market,28,27,27,18,0,9,0.6428571428571429,0.9642857142857143,72.41666666666667,55.7,0.994375,5.303333333333334,2.1285234893930487,54.333333333333336,8477.277777777777,978,152591,38.37916805324463,233.0,26.217799797388423,23,0.5223481142856621,0.13905919999997923,0.2640935156688227,0,300.0,62.28799999999882,3,0,0,0.7334086144178172
1.0,0.5,0.5,0.5,0.1,5,market,28,27,27,24,0,3,0.8571428571428571,0.9642857142857143,50.724999999999994,46.44999999999999,0.983125,5.243333333333333,2.0995626366712954,39.708333333333336,6250.375,953,150009,45.05141430948418,280.5,15.175365521113386,15,0.5311465142856667,0.13605119999997933,0.266014895464107,0,300.0,55.73599999999921,3,0,0,0.806840785990915
1.0,0.5,0.5,0.5,0.1,6,market,28,27,27,23,0,4,0.8214285714285714,0.9642857142857143,45.091304347826096,39.39999999999998,0.988125,5.27,2.3733211036908783,45.82608695652174,7117.782608695652,1054,163709,44.074575707154786,297.5,21.813604423837983,23,0.5328438857142366,0.15710719999997863,0.25412080896752776,0,300.0,54.47199999999943,3,0,0,0.7853183295526905
1.0,0.5,0.5,0.5,0.1,7,market,28,28,28,25,0,3,0.8928571428571429,1.0,39.4,39.80000000000001,0.994375,5.303333333333334,4.16986271980755,37.68,5605.92,942,140148,32.79317803660565,192.5,7.766869281266206,16,0.5138612571428081,0.1310879999999795,0.2769708343025799,0,300.0,68.60799999999806,3,0,0,0.7695785054055596
1.0,0.5,0.5,1.5,0.1,0,market,28,28,28,25,0,3,0.8928571428571429,1.0,48.22,44.400000000000006,0.993125,5.296666666666667,2.5314350209527645,40.08,6031.08,1002,150777,34.31966722129784,300.0,20.83694220012189,20,0.5124861714285154,0.09356319999998786,0.26245757740003245,0,300.0,69.63199999999847,3,0,0,0.804560431329647
1.0,0.5,0.5,1.5,0.1,1,market,28,24,24,21,0,3,0.75,0.8571428571428571,54.21904761904763,43.0,0.920625,4.91,1.6903085094570331,45.0,7063.857142857143,945,148341,48.6748752079867,300.0,8.001188034256474,17,0.5273865142856644,0.09536799999998678,0.2643385559990402,0,300.0,58.5359999999992,3,0,0,0.777753141696319
1.0,0.5,0.5,1.5,0.1,2,market,28,28,28,26,0,2,0.9285714285714286,1.0,35.24615384615385,30.499999999999996,1.0,5.333333333333333,3.1558174334820746,40.15384615384615,6019.346153846154,1044,156503,29.237171381031615,233.5,12.81713072858062,24,0.5147851428570931,0.09845119999998558,0.2737223940683216,0,300.0,67.9199999999984,3,0,0,0.7965254063161515
1.0,0.5,0.5,1.5,0.1,3,market,28,28,28,26,0,2,0.9285714285714286,1.0,33.4,29.849999999999994,0.980625,5.23,1.8070158058105026,40.38461538461539,5874.923076923077,1050,152748,27.437603993344442,240.5,17.03431704831629,28,0.501668114285651,0.146127999999979,0.2521507532489646,0,300.0,77.68799999999764,3,0,0,0.8528178480414763
1.0,0.5,0.5,1.5,0.1,4,market,28,25,25,18,0,7,0.6428571428571429,0.8928571428571429,59.349999999999994,41.95,0.98625,5.26,2.1946130708196026,53.388888888888886,8298.388888888889,961,149371,34.855873544093164,233.0,16.764644149517636,23,0.5211341714285173,0.14650399999997898,0.2524153951605325,0,300.0,63.19199999999916,3,0,0,0.7304672365753686
1.0,0.5,0.5,1.5,0.1,5,market,28,27,27,24,0,3,0.8571428571428571,0.9642857142857143,50.724999999999994,46.44999999999999,0.983125,5.243333333333333,2.0995626366712954,39.708333333333336,6250.375,953,150009,45.05141430948418,280.5,15.175365521113386,15,0.5311465142856667,0.13605119999997933,0.266014895464107,0,300.0,55.73599999999921,3,0,0,0.806840785990915
1.0,0.5,0.5,1.5,0.1,6,market,28,27,27,23,0,4,0.8214285714285714,0.9642857142857143,45.091304347826096,39.39999999999998,0.98875,5.273333333333333,2.3733211036908783,46.26086956521739,7159.260869565217,1064,164663,44.074575707154786,297.5,21.813604423837983,24,0.5325538285713792,0.15710719999997863,0.2539604872942866,0,300.0,54.687999999999434,3,0,0,0.7853350766955476
1.0,0.5,0.5,1.5,0.1,7,market,28,28,28,24,0,4,0.8571428571428571,1.0,40.895833333333336,38.800000000000004,0.98875,5.273333333333333,4.233009254294015,39.458333333333336,5918.208333333333,947,142037,34.10555740432607,192.5,6.534726424123349,17,0.5170841142856657,0.1224399999999822,0.2751908912446919,0,300.0,66.20799999999831,3,0,0,0.7581830336059135
1.0,0.5,1.0,0.5,0.1,0,market,28,27,27,25,0,2,0.8928571428571429,0.9642857142857143,58.604,59.69999999999999,0.995625,5.31,3.5456210417116734,36.72,5729.2,918,143230,36.00948419301165,221.5,9.600259659723486,15,0.5204681142856606,0.10627199999999014,0.26091243074340803,0,300.0,63.68799999999898,3,0,0,0.7587131136279254
1.0,0.5,1.0,0.5,0.1,1,market,28,26,26,23,0,3,0.8214285714285714,0.9285714285714286,62.44347826086957,62.80000000000001,0.95625,5.1,2.166535841157586,42.17391304347826,6765.173913043478,970,155599,55.460465890183,300.0,18.569271928312467,14,0.5285252571428061,0.13815679999997926,0.25291443032750804,0,300.0,57.687999999999334,3,0,0,0.7807361606522988
1.0,0.5,1.0,0.5,0.1,2,market,28,27,27,25,0,2,0.8928571428571429,0.9642857142857143,49.376000000000005,45.0,0.979375,5.223333333333334,3.245090483314442,36.6,5798.8,915,144970,39.61980033277868,240.0,6.115938555850796,13,0.5214671999999528,0.1227407999999837,0.2723390939843424,0,300.0,62.943999999998624,3,0,0,0.771801518772844
1.0,0.5,1.0,0.5,0.1,3,market,28,26,26,19,0,7,0.6785714285714286,0.9285714285714286,53.88421052631579,54.30000000000001,0.98875,5.273333333333333,2.4327694808466287,49.578947368421055,7397.0,942,140543,32.01727121464227,292.5,17.538696814727373,22,0.5240132571428091,0.10348959999999355,0.2627123674222192,0,300.0,61.04799999999886,3,0,0,0.7372134800171243
1.0,0.5,1.0,0.5,0.1,4,market,28,27,27,20,0,7,0.7142857142857143,0.9642857142857143,72.62,63.35000000000001,0.96125,5.126666666666667,2.5872528966106905,47.05,7334.15,941,146683,43.63550748752081,300.0,27.846221475532435,15,0.5153115428570867,0.1307119999999795,0.2549967254991119,0,300.0,67.52799999999871,3,0,0,0.7313198421852426
1.0,0.5,1.0,0.5,0.1,5,market,28,28,28,23,1,4,0.8214285714285714,1.0,80.38260869565217,69.0,0.898125,4.79,1.2453996981544782,43.43478260869565,7005.0,999,161115,68.90489184692179,300.0,24.288201061851595,13,0.5439949714285272,0.13582559999997934,0.2595593100575897,0,300.0,46.167999999999736,3,0,0,0.8143242095831201
1.0,0.5,1.0,0.5,0.1,6,market,28,27,27,23,1,3,0.8214285714285714,0.9642857142857143,74.00434782608696,72.39999999999998,0.97125,5.18,1.6413036132965797,43.26086956521739,6813.565217391304,995,156712,50.80499168053245,300.0,5.160002988889442,14,0.5341330285713815,0.13251679999997945,0.2664671512288499,0,300.0,53.511999999999254,3,0,0,0.8083645964378038
1.0,0.5,1.0,0.5,0.1,7,market,28,27,27,25,0,2,0.8928571428571429,0.9642857142857143,41.023999999999994,42.400000000000006,1.0,5.333333333333333,4.030495994190253,35.76,5184.28,894,129607,24.777004991680542,214.5,4.593065565536566,10,0.5009913142856621,0.06829599999999388,0.28011059419718226,0,300.0,78.19199999999746,3,0,0,0.7679816967035906
1.0,0.5,1.0,1.5,0.1,0,market,28,28,28,24,0,4,0.8571428571428571,1.0,57.96666666666666,60.599999999999994,0.99625,5.3133333333333335,2.969229955832361,38.291666666666664,5953.791666666667,919,142891,36.17094841930116,230.5,11.926227914407605,15,0.5183517714285177,0.10860319999999009,0.2646277361303708,0,300.0,65.26399999999866,3,0,0,0.7738696383407366
1.0,0.5,1.0,1.5,0.1,1,market,28,25,25,15,4,6,0.5357142857142857,0.8928571428571429,77.85999999999999,55.3,0.961875,5.13,2.0,61.4,9615.066666666668,921,144226,43.32319467554077,300.0,23.51045049820256,15,0.5331769142856678,0.1283807999999796,0.26240157715539786,0,300.0,54.223999999999364,3,0,0,0.6960463529702728
1.0,0.5,1.0,1.5,0.1,2,market,28,28,28,26,0,2,0.9285714285714286,1.0,48.815384615384616,46.95,0.979375,5.223333333333334,3.010186786529354,36.26923076923077,5709.7692307692305,943,148454,40.52725457570716,240.0,10.531416442866334,14,0.5220258285713817,0.10672319999998572,0.2730661299305323,0,300.0,62.52799999999866,3,0,0,0.7950970716010398
1.0,0.5,1.0,1.5,0.1,3,market,28,28,28,22,0,6,0.7857142857142857,1.0,62.554545454545455,61.099999999999994,0.973125,5.19,2.2038926600773587,39.40909090909091,5945.681818181818,867,130805,28.155141430948404,300.0,10.820031334030574,16,0.5099830857142315,0.09860159999998672,0.265653668525256,0,300.0,71.49599999999826,3,0,0,0.7845329205808782
1.0,0.5,1.0,1.5,0.1,4,market,28,27,27,21,0,6,0.75,0.9642857142857143,80.07619047619048,63.400000000000006,0.96,5.12,2.813959371941744,44.857142857142854,6957.428571428572,942,146106,43.3306489184692,300.0,26.235110364421324,17,0.5158916571428014,0.1307119999999795,0.2556117276995924,0,300.0,67.0959999999987,3,0,0,0.7302564665328546
1.0,0.5,1.0,1.5,0.1,5,market,28,27,27,21,1,5,0.75,0.9642857142857143,83.3047619047619,69.30000000000001,0.986875,5.263333333333334,1.4568627181693672,47.76190476190476,7649.142857142857,1003,160632,65.40605657237933,300.0,25.89660723845416,11,0.5356370285713822,0.12567359999997968,0.2633027037667366,0,300.0,52.391999999999435,3,0,0,0.7838647884781161
1.0,0.5,1.0,1.5,0.1,6,market,28,26,26,22,1,3,0.7857142857142857,0.9285714285714286,75.48181818181818,70.05000000000001,0.99625,5.3133333333333335,1.7612611437054218,45.31818181818182,7125.090909090909,997,156752,48.21247920133107,246.0,5.3429578061362415,15,0.5358518857142391,0.13875839999997924,0.2665051188532773,0,300.0,52.23199999999931,3,0,0,0.7904299450768962
1.0,0.5,1.0,1.5,0.1,7,market,28,27,27,24,0,3,0.8571428571428571,0.9642857142857143,50.5625,43.25,1.0,5.333333333333333,3.9227229193559947,37.75,5531.333333333333,906,132752,29.86645590682198,210.5,4.222695195166196,15,0.5085113142856644,0.06716799999999391,0.27891749645982966,0,300.0,72.5919999999979,3,0,0,0.7531931438316871
1.0,1.0,0.0,0.5,0.1,0,market,28,28,28,26,0,2,0.9285714285714286,1.0,31.357692307692307,28.849999999999994,0.995,5.306666666666667,1.385051387833237,40.96153846153846,6021.115384615385,1065,156549,40.83883527454239,292.0,17.694085057264747,29,0.5002500571427936,0.12740319999997962,0.25012593821363577,0,300.0,78.74399999999753,2,0,0,0.8685030462132446
1.0,1.0,0.0,0.5,0.1,1,market,28,26,26,26,0,0,0.9285714285714286,0.9285714285714286,38.761538461538464,30.749999999999996,0.971875,5.183333333333334,0.9258200997725514,37.84615384615385,5795.115384615385,984,150673,41.57048252911814,300.0,21.453887312927854,25,0.5127547428570816,0.1235679999999802,0.25083661837937654,0,300.0,69.43199999999855,3,0,0,0.8769701724274982
1.0,1.0,0.0,0.5,0.1,2,market,28,27,27,23,0,4,0.8214285714285714,0.9642857142857143,41.15652173913043,32.099999999999994,0.965,5.1466666666666665,1.1605769149479943,47.26086956521739,7344.826086956522,1087,168931,41.0492845257904,286.0,12.48361658681401,23,0.5327149714285185,0.17500479999997803,0.24783877723964567,0,300.0,54.567999999999586,3,0,0,0.8404257204644296
1.0,1.0,0.0,0.5,0.1,3,market,28,28,28,28,0,0,1.0,1.0,31.296428571428574,30.25,1.0,5.333333333333333,0.6388765649999399,32.892857142857146,4667.0,921,130676,22.527121464226283,258.5,6.855745619744859,20,0.49636114285707744,0.11416799999998219,0.24863857044866305,0,300.0,81.63999999999722,3,0,0,0.9293985837030272
1.0,1.0,0.0,0.5,0.1,4,market,28,24,24,22,0,2,0.7857142857142857,0.8571428571428571,42.95909090909091,34.349999999999994,1.0,5.333333333333333,1.8405855323893037,42.72727272727273,6514.818181818182,940,143326,32.31051580698833,211.0,12.97312394982162,20,0.510896228571368,0.1519183999999788,0.24351912005341994,0,300.0,70.81599999999841,3,0,0,0.7921282489815554
1.0,1.0,0.0,0.5,0.1,5,market,28,28,28,26,0,2,0.9285714285714286,1.0,29.396153846153844,25.200000000000003,1.0,5.333333333333333,1.2777531299998799,41.07692307692308,6100.153846153846,1068,158604,43.041231281197994,288.5,12.520343918994453,30,0.505363657142793,0.12980959999997954,0.2462308087459389,0,300.0,74.93599999999795,2,0,0,0.8748809697951991
1.0,1.0,0.0,0.5,0.1,6,market,28,28,28,24,0,4,0.8571428571428571,1.0,32.7375,26.600000000000005,1.0,5.333333333333333,1.4846149779161806,44.416666666666664,6439.708333333333,1066,154553,24.23004991680531,176.5,29.977517756574937,36,0.5000137142856492,0.1250719999999797,0.24717509031489882,0,300.0,78.91999999999751,3,0,0,0.8441485858730496
1.0,1.0,0.0,0.5,0.1,7,market,28,28,28,28,0,0,1.0,1.0,31.27857142857143,29.650000000000006,1.0,5.333333333333333,1.1605769149479943,35.32142857142857,5186.25,989,145215,31.354908485856868,252.0,5.874012138409063,20,0.4999170285713634,0.14086399999997917,0.244483292046588,0,300.0,78.9919999999975,2,0,0,0.9050987385498922
1.0,1.0,0.0,1.5,0.1,0,market,28,28,28,26,0,2,0.9285714285714286,1.0,31.357692307692307,28.849999999999994,0.995,5.306666666666667,1.385051387833237,40.96153846153846,6021.115384615385,1065,156549,40.83883527454239,292.0,17.694085057264747,29,0.5002500571427936,0.12740319999997962,0.25012593821363577,0,300.0,78.74399999999753,2,0,0,0.8685030462132446
1.0,1.0,0.0,1.5,0.1,1,market,28,25,25,25,0,0,0.8928571428571429,0.8928571428571429,44.9,31.4,0.994375,5.303333333333334,0.9035079029052513,41.16,6278.12,1029,156953,46.76665557404327,294.5,18.80273282012862,27,0.5119382857142253,0.1209359999999805,0.24892309192704234,0,300.0,70.03999999999847,3,0,0,0.861911675016759
1.0,1.0,0.0,1.5,0.1,2,market,28,27,27,23,0,4,0.8214285714285714,0.9642857142857143,41.15652173913043,32.099999999999994,0.965,5.1466666666666665,1.1605769149479943,47.26086956521739,7344.826086956522,1087,168931,41.0492845257904,286.0,12.48361658681401,23,0.5327149714285185,0.17500479999997803,0.24783877723964567,0,300.0,54.567999999999586,3,0,0,0.8404257204644296
1.0,1.0,0.0,1.5,0.1,3,market,28,26,26,26,0,0,0.9285714285714286,0.9285714285714286,35.33461538461539,31.400000000000006,1.0,5.333333333333333,0.989743318610787,36.0,5173.307692307692,936,134506,23.551447587354417,230.5,8.022728958446798,23,0.49594217142850444,0.13529919999997936,0.24430741649242896,0,300.0,81.95199999999718,3,0,0,0.8838775479605877
1.0,1.0,0.0,1.5,0.1,4,market,28,26,26,23,0,3,0.8214285714285714,0.9285714285714286,45.78260869565217,33.0,1.0,5.333333333333333,1.1605769149479943,42.73913043478261,6448.869565217391,983,148324,30.34349417637271,199.5,20.73883589863481,28,0.5015069714285104,0.1252975999999797,0.2526524034528802,0,300.0,77.80799999999755,3,0,0,0.83643052249458
1.0,1.0,0.0,1.5,0.1,5,market,28,28,28,26,0,2,0.9285714285714286,1.0,29.396153846153844,25.200000000000003,1.0,5.333333333333333,1.2777531299998799,41.07692307692308,6100.153846153846,1068,158604,43.041231281197994,288.5,12.520343918994453,30,0.505363657142793,0.12980959999997954,0.2462308087459389,0,300.0,74.93599999999795,2,0,0,0.8748809697951991
1.0,1.0,0.0,1.5,0.1,6,market,28,27,27,25,0,2,0.8928571428571429,0.9642857142857143,44.192,34.19999999999999,1.0,5.333333333333333,1.2453996981544782,42.68,6424.12,1067,160603,40.318103161397644,237.0,21.39758944614659,27,0.5205970285713698,0.14778239999997894,0.2458488198530808,0,300.0,63.59199999999908,2,0,0,0.8564663612224269
1.0,1.0,0.0,1.5,0.1,7,market,28,28,28,28,0,0,1.0,1.0,31.27857142857143,29.650000000000006,1.0,5.333333333333333,1.1605769149479943,35.32142857142857,5186.25,989,145215,31.354908485856868,252.0,5.874012138409063,20,0.4999170285713634,0.14086399999997917,0.244483292046588,0,300.0,78.9919999999975,2,0,0,0.9050987385498922
1.0,1.0,0.5,0.5,0.1,0,market,28,28,28,27,0,1,0.9642857142857143,1.0,36.27037037037037,29.0,0.99875,5.326666666666667,2.249716535431946,38.0,5673.148148148148,1026,153175,30.511247920133126,258.0,18.247656485836178,32,0.5075551999999381,0.11988319999998072,0.24946603910619164,0,300.0,73.30399999999813,3,0,0,0.8437003085897736
1.0,1.0,0.5,0.5,0.1,1,market,28,23,23,20,0,3,0.7142857142857143,0.8214285714285714,65.325,48.50000000000001,0.95125,5.073333333333333,2.1946130708196026,48.5,7827.0,970,156540,61.00119800332773,300.0,11.972883916360459,14,0.5378070857142381,0.17432799999997806,0.2520890442392937,0,300.0,50.77599999999974,3,0,0,0.7359909207739764
1.0,1.0,0.5,0.5,0.1,2,market,28,27,27,23,0,4,0.8214285714285714,0.9642857142857143,48.71304347826087,31.599999999999994,0.979375,5.223333333333334,1.6413036132965797,44.56521739130435,7073.478260869565,1025,162690,40.984326123128135,225.5,11.242875846073268,19,0.5313613714285252,0.14409759999997906,0.26645948677995096,0,300.0,55.575999999999226,3,0,0,0.8182622055119013
1.0,1.0,0.5,0.5,0.1,3,market,28,28,28,26,0,2,0.9285714285714286,1.0,33.84615384615385,26.949999999999996,1.0,5.333333333333333,1.6413036132965797,39.46153846153846,5610.884615384615,1026,145883,30.72013311148086,239.0,14.052174191173432,27,0.5082857142856549,0.10973119999998333,0.25660908429639284,0,300.0,72.75999999999819,3,0,0,0.8608912034356618
1.0,1.0,0.5,0.5,0.1,4,market,28,26,26,20,2,4,0.7142857142857143,0.9285714285714286,80.60499999999999,86.35,0.954375,5.09,0.9035079029052513,46.25,7287.0,925,145740,42.74768718801996,300.0,17.826263932632877,14,0.5185666285713731,0.13860799999997925,0.25748104507242503,0,300.0,65.10399999999886,3,0,0,0.7996409931363049
1.0,1.0,0.5,0.5,0.1,5,market,28,26,26,22,0,4,0.7857142857142857,0.9285714285714286,40.13636363636363,38.14999999999999,0.95,5.066666666666666,1.9897697538834456,45.72727272727273,7149.681818181818,1006,157293,51.115940099833594,300.0,6.95667826063381,17,0.5288582857142357,0.18342719999997775,0.2572645174243115,0,300.0,57.439999999998975,3,0,0,0.7886055660959108
1.0,1.0,0.5,0.5,0.1,6,market,28,27,27,22,0,5,0.7857142857142857,0.9642857142857143,39.64090909090909,28.10000000000001,0.996875,5.316666666666666,2.4907993963089563,47.90909090909091,7351.636363636364,1054,161736,48.25926788685523,292.5,16.382225211111663,23,0.5308886857142285,0.19568479999997734,0.2392584128409832,0,300.0,55.92799999999939,3,0,0,0.7718772021897465
1.0,1.0,0.5,0.5,0.1,7,market,28,28,28,26,0,2,0.9285714285714286,1.0,30.00384615384616,27.400000000000006,1.0,5.333333333333333,3.5398604838182477,38.53846153846154,5547.615384615385,1002,144238,24.190615640599013,191.0,10.391869281266207,26,0.5015499428570878,0.0966463999999916,0.27419928733158877,0,300.0,77.7759999999974,3,0,0,0.7847720433265457
1.0,1.0,0.5,1.5,0.1,0,market,28,28,28,28,0,0,1.0,1.0,37.603571428571435,29.200000000000003,0.95625,5.1,2.4327694808466287,36.92857142857143,5544.214285714285,1034,155238,35.481663893510834,300.0,17.01551362869332,31,0.5140868571427977,0.13845759999997925,0.250166096481855,0,300.0,68.43999999999866,3,0,0,0.8432887063168435
1.0,1.0,0.5,1.5,0.1,1,market,28,28,28,25,0,3,0.8928571428571429,1.0,36.604,31.299999999999997,0.988125,5.27,1.498298354528788,41.04,6270.92,1026,156773,42.93311148086517,286.0,23.51117456903381,28,0.514871085714227,0.12988479999997954,0.25411164141287707,0,300.0,67.85599999999859,2,0,0,0.8496580567258533
1.0,1.0,0.5,1.5,0.1,2,market,28,26,26,21,1,4,0.75,0.9285714285714286,44.51428571428572,31.599999999999994,0.979375,5.223333333333334,1.4568627181693672,49.23809523809524,7773.190476190476,1034,163237,39.9712146422629,210.5,7.011858786603554,22,0.5300722285713834,0.13552479999997935,0.2711474906210182,0,300.0,56.53599999999902,3,0,0,0.8037593444569758
1.0,1.0,0.5,1.5,0.1,3,market,28,28,28,26,0,2,0.9285714285714286,1.0,33.84615384615385,26.949999999999996,1.0,5.333333333333333,1.6413036132965797,39.46153846153846,5610.884615384615,1026,145883,30.72013311148086,239.0,14.052174191173432,27,0.5082857142856549,0.10973119999998333,0.25660908429639284,0,300.0,72.75999999999819,3,0,0,0.8608912034356618
1.0,1.0,0.5,1.5,0.1,4,market,28,28,28,19,5,4,0.6785714285714286,1.0,75.14736842105263,75.4,0.971875,5.183333333333334,1.5779087167410373,47.78947368421053,7491.736842105263,908,142343,33.413577371048255,264.0,14.610483660605656,14,0.5145702857142309,0.1398863999999792,0.2619979059326575,0,300.0,68.07999999999856,3,0,0,0.7729005106081335
1.0,1.0,0.5,1.5,0.1,5,market,28,26,26,22,0,4,0.7857142857142857,0.9285714285714286,40.13636363636363,38.14999999999999,0.95,5.066666666666666,1.9897697538834456,45.72727272727273,7149.681818181818,1006,157293,51.115940099833594,300.0,6.95667826063381,17,0.5288582857142357,0.18342719999997775,0.2572645174243115,0,300.0,57.439999999998975,3,0,0,0.7886055660959108
1.0,1.0,0.5,1.5,0.1,6,market,28,27,27,22,0,5,0.7857142857142857,0.9642857142857143,37.53636363636363,29.900000000000002,1.0,5.333333333333333,2.5555062599997598,47.86363636363637,7405.045454545455,1053,162911,39.513178036605645,288.5,22.78963261851907,21,0.5339503999999428,0.1938799999999774,0.2316795022639314,0,300.0,53.64799999999925,3,0,0,0.7709521306528512
1.0,1.0,0.5,1.5,0.1,7,market,28,28,28,26,0,2,0.9285714285714286,1.0,30.00384615384616,27.400000000000006,1.0,5.333333333333333,3.5398604838182477,38.53846153846154,5547.615384615385,1002,144238,24.190615640599013,191.0,10.391869281266207,26,0.5015499428570878,0.0966463999999916,0.27419928733158877,0,300.0,77.7759999999974,3,0,0,0.7847720433265457
1.0,1.0,1.0,0.5,0.1,0,market,28,28,28,25,0,3,0.8928571428571429,1.0,44.995999999999995,41.8,0.993125,5.296666666666667,2.356060357495806,41.56,6281.32,1039,157033,39.52752079866888,292.5,17.533370771550462,28,0.5180831999999447,0.145827199999979,0.2537551203026229,0,300.0,65.46399999999889,3,0,0,0.812813078809551
1.0,1.0,1.0,0.5,0.1,1,market,28,26,26,23,0,3,0.8214285714285714,0.9285714285714286,44.08695652173913,40.900000000000006,0.98,5.226666666666667,2.762725657973388,41.65217391304348,6521.173913043478,958,149987,40.99058236272879,292.5,26.857733466774008,17,0.5258932571428084,0.0890511999999886,0.2670068329110957,0,300.0,59.64799999999918,3,0,0,0.7642845703311072
1.0,1.0,1.0,0.5,0.1,2,market,28,28,28,26,0,2,0.9285714285714286,1.0,46.48846153846154,48.45,0.978125,5.216666666666667,3.0639443699324596,36.38461538461539,5796.0,946,150696,43.37008319467555,300.0,6.852845014294906,11,0.5295565714285203,0.13176479999997948,0.2549892282315869,0,300.0,56.91999999999952,3,0,0,0.7939830990395844
1.0,1.0,1.0,0.5,0.1,3,market,28,27,27,23,0,4,0.8214285714285714,0.9642857142857143,48.93478260869565,37.7,0.979375,5.223333333333334,2.138089935299395,43.95652173913044,6613.521739130435,1011,152111,42.619933444259615,292.5,14.963817884333206,23,0.5263659428570949,0.11883039999998093,0.2680816532230857,0,300.0,59.29599999999881,3,0,0,0.7953432969070733
1.0,1.0,1.0,0.5,0.1,4,market,28,27,27,23,0,4,0.8214285714285714,0.9642857142857143,48.24347826086956,45.2,0.96375,5.14,2.4411439272335804,40.73913043478261,6204.739130434783,937,142709,38.94306156405991,300.0,14.316487731628023,17,0.5065453714285127,0.12687679999997964,0.25789872369901806,0,300.0,74.055999999998,3,0,0,0.7819449677628533
1.0,1.0,1.0,0.5,0.1,5,market,28,27,27,24,0,3,0.8571428571428571,0.9642857142857143,39.94583333333333,35.44999999999999,0.97625,5.206666666666667,2.799416848895061,41.291666666666664,6230.958333333333,991,149543,36.383826955074845,300.0,5.564254410002276,19,0.5140653714285184,0.10770079999998429,0.2710949273561288,0,300.0,68.4559999999983,3,0,0,0.7837962316716012
1.0,1.0,1.0,0.5,0.1,6,market,28,24,24,20,0,4,0.7142857142857143,0.8571428571428571,63.55,58.20000000000002,1.0,5.333333333333333,1.7612611437054218,48.15,7683.25,963,153665,43.68405990016641,292.5,7.484808661744281,16,0.5276121142856606,0.12604959999997967,0.25512428753114874,0,300.0,58.367999999998965,3,0,0,0.7663191139419802
1.0,1.0,1.0,0.5,0.1,7,market,28,28,28,27,0,1,0.9642857142857143,1.0,45.588888888888896,40.0,0.97375,5.193333333333333,3.3380918415851206,36.111111111111114,5417.777777777777,975,146280,36.30256239600663,300.0,8.48115499555192,13,0.51327039999995,0.08972799999999383,0.2741112290206795,0,300.0,69.0479999999983,3,0,0,0.7937197395931083
1.0,1.0,1.0,1.5,0.1,0,market,28,27,27,22,0,5,0.7857142857142857,0.9642857142857143,40.99090909090909,35.50000000000001,0.93,4.96,1.927248223318863,47.81818181818182,7299.909090909091,1052,160598,39.57693843594009,300.0,12.016170431868996,29,0.5207044571428047,0.1311631999999795,0.2610389258020935,0,300.0,63.51199999999908,3,0,0,0.7950604678580562
1.0,1.0,1.0,1.5,0.1,1,market,28,25,25,24,1,0,0.8571428571428571,0.8928571428571429,52.98333333333333,58.099999999999994,0.971875,5.183333333333334,2.920721185751553,40.166666666666664,6164.375,964,147945,49.316006655574036,300.0,18.194602015912302,18,0.5190607999999478,0.1157471999999821,0.2625354495632755,0,300.0,64.7359999999989,3,0,0,0.7607441429686205
1.0,1.0,1.0,1.5,0.1,2,market,28,27,27,24,0,3,0.8571428571428571,0.9642857142857143,47.133333333333326,39.849999999999994,0.975,5.2,2.4907993963089563,42.125,6584.875,1011,158037,47.41560732113146,300.0,8.11324621644364,17,0.5294383999999531,0.1143935999999821,0.2686715484651606,0,300.0,57.007999999999186,3,0,0,0.7917964391680784
1.0,1.0,1.0,1.5,0.1,3,market,28,28,28,27,0,1,0.9642857142857143,1.0,48.733333333333334,42.099999999999994,0.995625,5.31,2.5071326821120348,36.74074074074074,5470.592592592592,992,147706,37.21906821963395,292.5,9.873602762602003,20,0.5098649142856548,0.11273919999998457,0.25438243707266706,0,300.0,71.58399999999831,3,0,0,0.8286382965332891
1.0,1.0,1.0,1.5,0.1,4,market,28,25,25,20,0,5,0.7142857142857143,0.8928571428571429,52.04,37.2,0.9425,5.026666666666666,2.1852940772540506,45.35,7106.3,907,142126,38.08349417637271,300.0,13.162660128631314,11,0.5212630857142362,0.11394239999998422,0.26550306875606494,0,300.0,63.09599999999877,3,0,0,0.7525305699263487
1.0,1.0,1.0,1.5,0.1,5,market,28,27,27,24,0,3,0.8571428571428571,0.9642857142857143,41.975,41.150000000000006,0.99125,5.286666666666667,2.747912008810192,39.25,6014.625,942,144351,31.22635607321131,279.0,7.63832848407635,14,0.5111862857142305,0.12619999999997966,0.2680498747622286,0,300.0,70.59999999999809,3,0,0,0.7868246137375624
1.0,1.0,1.0,1.5,0.1,6,market,28,26,26,22,0,4,0.7857142857142857,0.9285714285714286,68.22727272727273,62.95,1.0,5.333333333333333,1.7261494247992246,45.77272727272727,7298.090909090909,1007,160558,44.022129783693835,292.5,15.872480713918256,18,0.5280203428570913,0.11965759999998464,0.2575999623494861,0,300.0,58.06399999999909,3,0,0,0.7928093755382309
1.0,1.0,1.0,1.5,0.1,7,market,28,27,27,22,0,5,0.7857142857142857,0.9642857142857143,47.84090909090909,34.599999999999994,0.97375,5.193333333333333,2.9137254363387344,45.40909090909091,6932.681818181818,999,152519,31.726622296173076,300.0,6.204176676647678,15,0.5210911999999537,0.08957759999999462,0.2734205176390826,0,300.0,63.22399999999865,3,0,0,0.7561559263373611
1.0,2.0,0.0,0.5,0.1,0,market,28,28,28,26,0,2,0.9285714285714286,1.0,30.411538461538463,26.099999999999994,0.98125,5.233333333333333,1.355261854357877,41.57692307692308,6080.807692307692,1081,158101,35.25394342762059,288.5,13.319085057264747,31,0.5019366857142199,0.1200335999999808,0.24391609216800247,0,300.0,77.48799999999767,2,0,0,0.8720020943748475
1.0,2.0,0.0,0.5,0.1,1,market,28,28,28,25,0,3,0.8928571428571429,1.0,37.16,31.4,0.993125,5.296666666666667,0.7284313590846836,42.64,6539.96,1066,163499,49.49397670549083,290.5,35.011174569033805,26,0.510767314285651,0.1519183999999788,0.24060478303357424,0,300.0,70.9119999999984,3,0,0,0.878078937232605
1.0,2.0,0.0,0.5,0.1,2,market,28,27,27,23,0,4,0.8214285714285714,0.9642857142857143,41.15652173913043,32.099999999999994,0.965,5.1466666666666665,1.1605769149479943,47.26086956521739,7343.391304347826,1087,168898,41.0492845257904,286.0,12.48361658681401,23,0.5327149714285185,0.17500479999997803,0.24783877723964567,0,300.0,54.567999999999586,3,0,0,0.8404257204644296
1.0,2.0,0.0,0.5,0.1,3,market,28,28,28,26,0,2,0.9285714285714286,1.0,30.934615384615388,29.60000000000001,1.0,5.333333333333333,0.6388765649999399,36.69230769230769,5189.692307692308,954,134932,20.78186356073211,182.0,12.85574561974486,25,0.49665119999993085,0.1577839999999786,0.23776586493341775,0,300.0,81.42399999999724,3,0,0,0.9071705216348012
1.0,2.0,0.0,0.5,0.1,4,market,28,27,27,20,0,7,0.7142857142857143,0.9642857142857143,36.39,31.450000000000003,1.0,5.333333333333333,1.178030178747903,51.55,7894.65,1031,157893,29.45740432612313,215.0,21.66103629034725,27,0.5201135999999461,0.1340207999999794,0.25860450446387034,0,300.0,63.951999999998996,3,0,0,0.8111934084322782
1.0,2.0,0.0,0.5,0.1,5,market,28,28,28,26,0,2,0.9285714285714286,1.0,29.396153846153844,25.200000000000003,1.0,5.333333333333333,1.2777531299998799,41.07692307692308,6099.038461538462,1068,158575,43.041231281197994,288.5,12.520343918994453,30,0.505363657142793,0.12980959999997954,0.2462308087459389,0,300.0,74.93599999999795,2,0,0,0.8748809697951991
1.0,2.0,0.0,0.5,0.1,6,market,28,28,28,26,0,2,0.9285714285714286,1.0,28.542307692307688,23.799999999999997,0.996875,5.316666666666666,0.7559289460184545,40.23076923076923,5872.2307692307695,1046,152678,32.52831946755411,222.0,17.63823204228922,32,0.5030969142856526,0.11980799999998115,0.2515090804978154,0,300.0,76.62399999999776,2,0,0,0.898869160891031
1.0,2.0,0.0,0.5,0.1,7,market,28,27,27,26,0,1,0.9285714285714286,0.9642857142857143,33.042307692307695,30.65,1.0,5.333333333333333,1.1605769149479943,37.80769230769231,5542.0,983,144092,22.58026622296173,160.5,9.889361861832864,24,0.4956091428570747,0.13552479999997935,0.2436218916371705,0,300.0,82.19999999999715,2,0,0,0.8806984218442387
1.0,2.0,0.0,1.5,0.1,0,market,28,28,28,26,0,2,0.9285714285714286,1.0,30.411538461538463,26.099999999999994,0.98125,5.233333333333333,1.355261854357877,41.57692307692308,6080.807692307692,1081,158101,35.25394342762059,288.5,13.319085057264747,31,0.5019366857142199,0.1200335999999808,0.24391609216800247,0,300.0,77.48799999999767,2,0,0,0.8720020943748475
1.0,2.0,0.0,1.5,0.1,1,market,28,24,24,24,0,0,0.8571428571428571,0.8571428571428571,48.75416666666666,37.94999999999999,0.975625,5.203333333333333,1.2936264483053452,42.25,6586.708333333333,1014,158081,55.43041597337769,300.0,20.251188034256472,21,0.5208441142856527,0.17500479999997803,0.23536731935046357,0,300.0,63.407999999999056,3,0,0,0.8264813547161756
1.0,2.0,0.0,1.5,0.1,2,market,28,27,27,23,0,4,0.8214285714285714,0.9642857142857143,41.15652173913043,32.099999999999994,0.965,5.1466666666666665,1.1605769149479943,47.26086956521739,7343.391304347826,1087,168898,41.0492845257904,286.0,12.48361658681401,23,0.5327149714285185,0.17500479999997803,0.24783877723964567,0,300.0,54.567999999999586,3,0,0,0.8404257204644296
1.0,2.0,0.0,1.5,0.1,3,market,28,28,28,26,0,2,0.9285714285714286,1.0,30.934615384615388,29.60000000000001,1.0,5.333333333333333,0.6388765649999399,36.69230769230769,5189.692307692308,954,134932,20.78186356073211,182.0,12.85574561974486,25,0.49665119999993085,0.1577839999999786,0.23776586493341775,0,300.0,81.42399999999724,3,0,0,0.9071705216348012
1.0,2.0,0.0,1.5,0.1,4,market,28,28,28,23,0,5,0.8214285714285714,1.0,39.68260869565218,34.099999999999994,1.0,5.333333333333333,1.3997084244475304,46.56521739130435,6944.695652173913,1071,159728,31.45497504159734,195.0,25.699769374891368,34,0.5121746285713696,0.11258879999998586,0.2528779134607962,0,300.0,69.86399999999851,3,0,0,0.8344376565217945
1.0,2.0,0.0,1.5,0.1,5,market,28,28,28,26,0,2,0.9285714285714286,1.0,29.396153846153844,25.200000000000003,1.0,5.333333333333333,1.2777531299998799,41.07692307692308,6099.038461538462,1068,158575,43.041231281197994,288.5,12.520343918994453,30,0.505363657142793,0.12980959999997954,0.2462308087459389,0,300.0,74.93599999999795,2,0,0,0.8748809697951991
1.0,2.0,0.0,1.5,0.1,6,market,28,28,28,26,0,2,0.9285714285714286,1.0,28.542307692307688,23.799999999999997,0.996875,5.316666666666666,0.7559289460184545,40.23076923076923,5872.2307692307695,1046,152678,32.52831946755411,222.0,17.63823204228922,32,0.5030969142856526,0.11980799999998115,0.2515090804978154,0,300.0,76.62399999999776,2,0,0,0.898869160891031
1.0,2.0,0.0,1.5,0.1,7,market,28,27,27,24,0,3,0.8571428571428571,0.9642857142857143,31.916666666666668,30.049999999999997,0.99875,5.326666666666667,2.0701966780270626,41.666666666666664,6128.625,1000,147087,27.62519134775374,190.0,7.29676926924027,24,0.5060941714285085,0.12386879999997992,0.25002094455790524,0,300.0,74.391999999998,2,0,0,0.8203827362924861
1.0,2.0,0.5,0.5,0.1,0,market,28,28,28,26,0,2,0.9285714285714286,1.0,35.223076923076924,25.950000000000003,0.9575,5.1066666666666665,1.8070158058105026,39.61538461538461,6010.153846153846,1030,156264,32.88086522462562,300.0,11.783370771550462,28,0.5158057142856556,0.1734255999999781,0.24532969297565108,0,300.0,67.15999999999862,3,0,0,0.8515344702033545
1.0,2.0,0.5,0.5,0.1,1,market,28,22,22,19,0,3,0.6785714285714286,0.7857142857142857,51.98947368421052,32.1,0.929375,4.956666666666667,1.511857892036909,51.94736842105263,8480.473684210527,987,161129,58.21314475873544,300.0,16.860227217149696,19,0.5418786285713802,0.16598079999997833,0.24960694229901542,0,300.0,47.74399999999997,3,0,0,0.7541242460649669
1.0,2.0,0.5,0.5,0.1,2,market,28,26,26,26,0,0,0.9285714285714286,0.9285714285714286,29.326923076923077,27.299999999999997,0.95,5.066666666666666,2.166535841157586,42.0,6261.423076923077,1092,162797,47.990415973377736,300.0,12.34047056437364,32,0.503053942857085,0.10980639999998332,0.26434983810311535,0,300.0,76.65599999999776,2,0,0,0.8257772041049194
1.0,2.0,0.5,0.5,0.1,3,market,28,28,28,28,0,0,1.0,1.0,29.878571428571426,24.950000000000003,0.97375,5.193333333333333,1.2453996981544782,38.0,5447.75,1064,152537,36.86459234608982,293.0,5.9628884768877155,29,0.4996484571427945,0.11334079999998217,0.2526720156996864,0,300.0,79.19199999999748,2,0,0,0.8991142276660024
1.0,2.0,0.5,0.5,0.1,4,market,28,25,25,22,0,3,0.7857142857142857,0.8928571428571429,39.949999999999996,29.25,0.945625,5.043333333333333,1.124858267715973,44.72727272727273,6673.136363636364,984,146809,31.613211314475897,300.0,13.854417528342454,23,0.507780799999943,0.11281439999998434,0.2663488076340646,0,300.0,73.13599999999798,3,0,0,0.8244825247526487
1.0,2.0,0.5,0.5,0.1,5,market,28,27,27,26,0,1,0.9285714285714286,0.9642857142857143,31.484615384615385,28.950000000000003,1.0,5.333333333333333,1.8294640678379568,40.57692307692308,6141.076923076923,1055,159668,37.20196339434272,295.5,15.396607238454157,25,0.5078022857142285,0.10454239999998437,0.2606528817841212,0,300.0,73.11999999999816,2,0,0,0.8479765743227013
1.0,2.0,0.5,0.5,0.1,6,market,28,25,25,23,0,2,0.8214285714285714,0.8928571428571429,41.2,32.599999999999994,0.998125,5.323333333333333,2.0995626366712954,44.869565217391305,6990.521739130435,1032,160782,53.27171381031613,288.5,21.95648673991282,20,0.5224125714285109,0.17056799999997818,0.2391326359220729,0,300.0,62.239999999999064,2,0,0,0.7886976045063061
1.0,2.0,0.5,0.5,0.1,7,market,28,28,28,26,0,2,0.9285714285714286,1.0,27.68076923076923,26.95,0.97875,5.22,1.2777531299998799,40.42307692307692,5962.807692307692,1051,155033,41.07753743760396,300.0,4.749012138409063,28,0.5002070857142246,0.09799999999999048,0.2565218284701831,0,300.0,78.77599999999752,3,0,0,0.8764693985359938
1.0,2.0,0.5,1.5,0.1,0,market,28,28,28,27,0,1,0.9642857142857143,1.0,37.34074074074074,26.599999999999994,0.980625,5.23,1.749635530559413,38.44444444444444,5658.592592592592,1038,152782,29.79214642262895,288.0,11.783370771550462,30,0.5068246857142245,0.16161919999997848,0.2473546060582003,0,300.0,73.84799999999807,2,0,0,0.8655328795506647
1.0,2.0,0.5,1.5,0.1,1,market,28,22,22,19,0,3,0.6785714285714286,0.7857142857142857,56.70526315789474,35.900000000000006,0.948125,5.056666666666667,1.385051387833237,50.05263157894737,8252.421052631578,951,156796,58.63427620632282,300.0,15.560055037934081,17,0.5408258285713792,0.175606399999978,0.2466953737861853,0,300.0,48.528,3,0,0,0.7590628124954042
1.0,2.0,0.5,1.5,0.1,2,market,28,26,26,26,0,0,0.9285714285714286,0.9285714285714286,29.326923076923077,27.299999999999997,0.95,5.066666666666666,2.166535841157586,42.0,6261.423076923077,1092,162797,47.990415973377736,300.0,12.34047056437364,32,0.503053942857085,0.10980639999998332,0.26434983810311535,0,300.0,76.65599999999776,2,0,0,0.8257772041049194
1.0,2.0,0.5,1.5,0.1,3,market,28,28,28,28,0,0,1.0,1.0,29.878571428571426,24.950000000000003,0.97375,5.193333333333333,1.2453996981544782,38.0,5447.75,1064,152537,36.86459234608982,293.0,5.9628884768877155,29,0.4996484571427945,0.11334079999998217,0.2526720156996864,0,300.0,79.19199999999748,2,0,0,0.8991142276660024
1.0,2.0,0.5,1.5,0.1,4,market,28,28,28,25,0,3,0.8928571428571429,1.0,46.26,33.8,0.975625,5.203333333333333,1.5518257844571737,39.52,5904.0,988,147600,32.9116472545757,299.0,29.360483660605656,21,0.5033547428570786,0.12875679999997958,0.24914723582432446,0,300.0,76.43199999999779,3,0,0,0.844252091877423
1.0,2.0,0.5,1.5,0.1,5,market,28,27,27,26,0,1,0.9285714285714286,0.9642857142857143,31.484615384615385,28.950000000000003,1.0,5.333333333333333,1.8294640678379568,40.57692307692308,6141.076923076923,1055,159668,37.20196339434272,295.5,15.396607238454157,25,0.5078022857142285,0.10454239999998437,0.2606528817841212,0,300.0,73.11999999999816,2,0,0,0.8479765743227013
1.0,2.0,0.5,1.5,0.1,6,market,28,28,28,24,0,4,0.8571428571428571,1.0,37.0,32.75,0.994375,5.303333333333334,1.511857892036909,45.541666666666664,6933.833333333333,1093,166412,51.118535773710505,288.5,33.406089185146364,32,0.5247545142856553,0.16207039999997847,0.23890551906262486,0,300.0,60.495999999999256,2,0,0,0.8345457261822249
1.0,2.0,0.5,1.5,0.1,7,market,28,28,28,26,0,2,0.9285714285714286,1.0,27.68076923076923,26.95,0.97875,5.22,1.2777531299998799,40.42307692307692,5962.807692307692,1051,155033,41.07753743760396,300.0,4.749012138409063,28,0.5002070857142246,0.09799999999999048,0.2565218284701831,0,300.0,78.77599999999752,3,0,0,0.8764693985359938
1.0,2.0,1.0,0.5,0.1,0,market,28,27,27,25,0,2,0.8928571428571429,0.9642857142857143,36.252,27.0,1.0,5.333333333333333,1.9587584572574412,40.96,6209.36,1024,155234,31.124958402662216,224.0,21.2113707708346,29,0.4995087999999389,0.10739999999998483,0.25764713271624345,0,300.0,79.29599999999743,2,0,0,0.8299810545064876
1.0,2.0,1.0,0.5,0.1,1,market,28,28,28,25,0,3,0.8928571428571429,1.0,37.224,31.200000000000003,0.918125,4.8966666666666665,2.356060357495806,44.96,6898.52,1124,172463,62.13896838602328,300.0,25.814745997605236,28,0.517975771428514,0.12650079999997965,0.2506264665620612,0,300.0,65.54399999999899,2,0,0,0.803686333804939
1.0,2.0,1.0,0.5,0.1,2,market,28,26,26,23,0,3,0.8214285714285714,0.9285714285714286,41.813043478260866,39.5,0.949375,5.0633333333333335,2.0995626366712954,44.04347826086956,6851.434782608696,1013,157583,47.35068219633943,300.0,7.398162872065948,19,0.5225307428570918,0.13514879999997936,0.26488377582110467,0,300.0,62.151999999999,3,0,0,0.7946089778226346
1.0,2.0,1.0,0.5,0.1,3,market,28,26,26,26,0,0,0.9285714285714286,0.9285714285714286,39.323076923076925,32.05000000000001,1.0,5.333333333333333,1.5518257844571737,41.30769230769231,5996.653846153846,1074,155913,39.50838602329445,288.0,16.330421266139105,29,0.4995625142856522,0.10409119999998444,0.25668883296109557,0,300.0,79.25599999999747,3,0,0,0.8524461842663053
1.0,2.0,1.0,0.5,0.1,4,market,28,23,23,21,0,2,0.75,0.8214285714285714,59.72380952380953,51.5,0.976875,5.21,2.060315014550851,44.523809523809526,6868.523809523809,935,144239,41.40026622296173,300.0,13.584578519784598,15,0.507727085714225,0.11634879999998199,0.2547368120190942,0,300.0,73.17599999999814,3,0,0,0.7589560040305701
1.0,2.0,1.0,0.5,0.1,5,market,28,27,27,27,0,0,0.9642857142857143,0.9642857142857143,40.611111111111114,39.599999999999994,0.971875,5.183333333333334,2.3733211036908783,36.592592592592595,5589.222222222223,988,150909,40.86159733777035,300.0,11.675365521113386,18,0.5133563428570878,0.12191359999998073,0.26449153465321,0,300.0,68.98399999999837,3,0,0,0.8311043763216859
1.0,2.0,1.0,0.5,0.1,6,market,28,24,24,19,0,5,0.6785714285714286,0.8571428571428571,57.526315789473685,47.19999999999999,0.9775,5.213333333333333,1.6413036132965797,55.68421052631579,8534.736842105263,1058,162160,53.3532445923461,277.0,42.37385533454189,25,0.5197590857142296,0.11108479999998329,0.2563401260613824,0,300.0,64.21599999999901,3,0,0,0.7505168817452528
1.0,2.0,1.0,0.5,0.1,7,market,28,28,28,26,0,2,0.9285714285714286,1.0,30.684615384615384,27.150000000000006,1.0,5.333333333333333,2.5872528966106905,40.65384615384615,5928.884615384615,1057,154151,26.823194675540776,231.0,8.570440709837635,33,0.4985204571428016,0.08138079999999148,0.27483180823730685,0,300.0,80.03199999999713,3,0,0,0.8232343578903228
1.0,2.0,1.0,1.5,0.1,0,market,28,27,27,25,0,2,0.8928571428571429,0.9642857142857143,36.252,27.0,1.0,5.333333333333333,1.9587584572574412,40.96,6209.36,1024,155234,31.124958402662216,224.0,21.2113707708346,29,0.4995087999999389,0.10739999999998483,0.25764713271624345,0,300.0,79.29599999999743,2,0,0,0.8299810545064876
1.0,2.0,1.0,1.5,0.1,1,market,28,28,28,26,0,2,0.9285714285714286,1.0,40.51538461538461,30.249999999999986,0.96375,5.14,2.710523708715754,42.80769230769231,6427.2307692307695,1113,167108,55.66502495840271,300.0,26.15403171189095,31,0.5145058285713706,0.12289119999998029,0.2534593120015412,0,300.0,68.1279999999987,2,0,0,0.8018671759377498
1.0,2.0,1.0,1.5,0.1,2,market,28,28,28,25,0,3,0.8928571428571429,1.0,39.132,35.0,0.9575,5.1066666666666665,2.249716535431946,41.28,6353.92,1032,158848,47.37730449251247,300.0,19.174273585723476,21,0.5161279999999487,0.11604799999998243,0.2688005971828368,0,300.0,66.9199999999985,2,0,0,0.8149701748753848
1.0,2.0,1.0,1.5,0.1,3,market,28,28,28,25,0,3,0.8928571428571429,1.0,40.772,34.099999999999994,0.96375,5.14,1.178030178747903,39.76,5883.08,994,147077,35.74432612312811,300.0,25.35574561974486,23,0.5033869714285103,0.104993599999985,0.25522089224856814,0,300.0,76.40799999999778,3,0,0,0.8616881561571693
1.0,2.0,1.0,1.5,0.1,4,market,28,23,23,21,0,2,0.75,0.8214285714285714,59.72380952380953,51.5,0.976875,5.21,2.060315014550851,44.523809523809526,6868.523809523809,935,144239,41.40026622296173,300.0,13.584578519784598,15,0.507727085714225,0.11634879999998199,0.2547368120190942,0,300.0,73.17599999999814,3,0,0,0.7589560040305701
1.0,2.0,1.0,1.5,0.1,5,market,28,27,27,27,0,0,0.9642857142857143,0.9642857142857143,40.611111111111114,39.599999999999994,0.971875,5.183333333333334,2.3733211036908783,36.592592592592595,5589.222222222223,988,150909,40.86159733777035,300.0,11.675365521113386,18,0.5133563428570878,0.12191359999998073,0.26449153465321,0,300.0,68.98399999999837,3,0,0,0.8311043763216859
1.0,2.0,1.0,1.5,0.1,6,market,28,21,21,17,0,4,0.6071428571428571,0.75,67.39999999999999,53.400000000000006,0.92875,4.953333333333333,1.498298354528788,62.470588235294116,9871.35294117647,1062,167813,61.49174708818631,300.0,31.58814857008897,27,0.5315869714285163,0.14387199999997907,0.24753308455379525,0,300.0,55.4079999999996,3,0,0,0.7197118852017501
1.0,2.0,1.0,1.5,0.1,7,market,28,28,28,26,0,2,0.9285714285714286,1.0,30.684615384615384,27.150000000000006,1.0,5.333333333333333,2.5872528966106905,40.65384615384615,5928.884615384615,1057,154151,26.823194675540776,231.0,8.570440709837635,33,0.4985204571428016,0.08138079999999148,0.27483180823730685,0,300.0,80.03199999999713,3,0,0,0.8232343578903228
